<?xml version="1.0" encoding="ISO-8859-1"?>
<ui>
	<CCControlPresetTab label="app" selectedpreset="0" numberofpresets="1">
		<uielements>
			<CCUIPresetControl label="presets">
				<uielements/>
			</CCUIPresetControl>
			<CCUIComponent label="geometry">
				<uielements>
					<CCUISlider label="random pos min back">
						<preset value="0.96666664"/>
					</CCUISlider>
					<CCUISlider label="random pos max back">
						<preset value="1.0"/>
					</CCUISlider>
					<CCUISlider label="random prob back">
						<preset value="0.0"/>
					</CCUISlider>
					<CCUISlider label="random pow back">
						<preset value="0.46666667"/>
					</CCUISlider>
					<CCUISlider label="random pos min fore">
						<preset value="0.0"/>
					</CCUISlider>
					<CCUISlider label="random pos max fore">
						<preset value="0.0"/>
					</CCUISlider>
					<CCUISlider label="random prob fore">
						<preset value="0.16"/>
					</CCUISlider>
					<CCUISlider label="random pow fore">
						<preset value="4.866667"/>
					</CCUISlider>
					<CCUISlider label="min bright">
						<preset value="0.0"/>
					</CCUISlider>
					<CCUISlider label="max bright">
						<preset value="2.8666666"/>
					</CCUISlider>
					<CCUISlider label="pow bright">
						<preset value="1.8666667"/>
					</CCUISlider>
					<CCUISlider label="red">
						<preset value="1.0"/>
					</CCUISlider>
					<CCUISlider label="green">
						<preset value="1.0"/>
					</CCUISlider>
					<CCUISlider label="blue">
						<preset value="0.8666667"/>
					</CCUISlider>
					<CCUISlider label="pointsize">
						<preset value="2.5"/>
					</CCUISlider>
				</uielements>
			</CCUIComponent>
			<CCUIComponent label="output">
				<uielements>
					<CCUISlider label="x Offset">
						<preset value="133"/>
					</CCUISlider>
					<CCUISlider label="y Offset">
						<preset value="280"/>
					</CCUISlider>
				</uielements>
			</CCUIComponent>
		</uielements>
		<presetnames>
			<presetname name="Preset:0"/>
		</presetnames>
	</CCControlPresetTab>
	<CCControlPresetTab label="background" selectedpreset="0" numberofpresets="3">
		<uielements>
			<CCUIPresetControl label="presets">
				<uielements/>
			</CCUIPresetControl>
			<CCUIComponent label="manager">
				<uielements>
					<CCUISlider label="trace">
						<preset value="0.17333333"/>
						<preset value="0.97333336"/>
						<preset value="0.97333336"/>
					</CCUISlider>
					<CCUISlider label="blur radius">
						<preset value="1.0"/>
						<preset value="1.0"/>
						<preset value="1.0"/>
					</CCUISlider>
				</uielements>
			</CCUIComponent>
			<CCUIComponent label="randomSines">
				<uielements>
					<CCUISlider label="speed">
						<preset value="20.0"/>
						<preset value="0.0"/>
						<preset value="0.0"/>
					</CCUISlider>
					<CCUISlider label="freq pow">
						<preset value="2.1333334"/>
						<preset value="0.0"/>
						<preset value="0.0"/>
					</CCUISlider>
					<CCUISlider label="dark time">
						<preset value="12.0"/>
						<preset value="0.0"/>
						<preset value="0.0"/>
					</CCUISlider>
					<CCUISlider label="minBright">
						<preset value="0.0"/>
						<preset value="0.0"/>
						<preset value="0.0"/>
					</CCUISlider>
					<CCUISlider label="maxBright">
						<preset value="1.0"/>
						<preset value="0.0"/>
						<preset value="0.0"/>
					</CCUISlider>
					<CCUISlider label="bright pow">
						<preset value="1.0666667"/>
						<preset value="0.0"/>
						<preset value="0.0"/>
					</CCUISlider>
				</uielements>
			</CCUIComponent>
		</uielements>
		<presetnames>
			<presetname name="Preset:0"/>
			<presetname name="Preset:1"/>
			<presetname name="Preset:2"/>
		</presetnames>
	</CCControlPresetTab>
	<globalsettings selectedpreset="0" numberofpresets="0" label="global">
		<presetnames/>
	</globalsettings>
	<CCControlPresetTab label="foreground" selectedpreset="0" numberofpresets="6">
		<uielements>
			<CCUIPresetControl label="presets">
				<uielements/>
			</CCUIPresetControl>
			<CCUIComponent label="manager">
				<uielements>
					<CCUISlider label="trace">
						<preset value="1.0"/>
						<preset value="1.0"/>
						<preset value="1.0"/>
						<preset value="1.0"/>
						<preset value="1.0"/>
						<preset value="1.0"/>
					</CCUISlider>
					<CCUISlider label="blur radius">
						<preset value="1.6533334"/>
						<preset value="1.6533334"/>
						<preset value="1.6533334"/>
						<preset value="1.6533334"/>
						<preset value="1.6533334"/>
						<preset value="1.6533334"/>
					</CCUISlider>
				</uielements>
			</CCUIComponent>
			<CCUIComponent label="quad">
				<uielements>
					<CCUISlider label="scale">
						<preset value="1.0"/>
						<preset value="1.0"/>
						<preset value="1.0"/>
						<preset value="1.0"/>
						<preset value="1.0"/>
						<preset value="1.0"/>
					</CCUISlider>
					<CCUISlider label="space">
						<preset value="1.8666667"/>
						<preset value="1.8666667"/>
						<preset value="1.8666667"/>
						<preset value="1.8666667"/>
						<preset value="1.8666667"/>
						<preset value="1.8666667"/>
					</CCUISlider>
					<CCUISlider label="width">
						<preset value="0.79999983"/>
						<preset value="0.79999983"/>
						<preset value="0.79999983"/>
						<preset value="0.79999983"/>
						<preset value="0.79999983"/>
						<preset value="0.79999983"/>
					</CCUISlider>
					<CCUISlider label="height">
						<preset value="16.0"/>
						<preset value="16.0"/>
						<preset value="16.0"/>
						<preset value="16.0"/>
						<preset value="16.0"/>
						<preset value="16.0"/>
					</CCUISlider>
					<CCUISlider label="speed">
						<preset value="-3.4666672"/>
						<preset value="-3.4666672"/>
						<preset value="-3.4666672"/>
						<preset value="-3.4666672"/>
						<preset value="-3.4666672"/>
						<preset value="-3.4666672"/>
					</CCUISlider>
					<CCUISlider label="y">
						<preset value="0.0"/>
						<preset value="0.0"/>
						<preset value="0.0"/>
						<preset value="0.0"/>
						<preset value="0.0"/>
						<preset value="0.0"/>
					</CCUISlider>
					<CCUISlider label="alpha">
						<preset value="0.0"/>
						<preset value="0.0"/>
						<preset value="0.0"/>
						<preset value="0.0"/>
						<preset value="0.0"/>
						<preset value="0.0"/>
					</CCUISlider>
				</uielements>
			</CCUIComponent>
			<CCUIComponent label="noise wave">
				<uielements>
					<CCUISlider label="noiseScaleX">
						<preset value="2.2666667"/>
						<preset value="0.0"/>
						<preset value="4.133333"/>
						<preset value="2.6666667"/>
						<preset value="0.79999995"/>
						<preset value="10.0"/>
					</CCUISlider>
					<CCUISlider label="noiseScaleY">
						<preset value="0.19999999"/>
						<preset value="3.1999998"/>
						<preset value="1.0666667"/>
						<preset value="0.46666667"/>
						<preset value="5.7999997"/>
						<preset value="10.0"/>
					</CCUISlider>
					<CCUISlider label="speed x">
						<preset value="0.24"/>
						<preset value="0.0"/>
						<preset value="0.1"/>
						<preset value="0.0"/>
						<preset value="0.0"/>
						<preset value="0.78"/>
					</CCUISlider>
					<CCUISlider label="speed y">
						<preset value="0.0"/>
						<preset value="0.0"/>
						<preset value="0.0"/>
						<preset value="0.19333333"/>
						<preset value="0.0"/>
						<preset value="1.0"/>
					</CCUISlider>
					<CCUISlider label="speed z">
						<preset value="0.17333333"/>
						<preset value="0.18666667"/>
						<preset value="0.11333334"/>
						<preset value="0.0"/>
						<preset value="0.52"/>
						<preset value="0.26"/>
					</CCUISlider>
					<CCUISlider label="pow">
						<preset value="4.0"/>
						<preset value="2.8"/>
						<preset value="2.8"/>
						<preset value="5.133333"/>
						<preset value="2.8"/>
						<preset value="10.0"/>
					</CCUISlider>
					<CCUISlider label="min">
						<preset value="0.35999998"/>
						<preset value="0.24"/>
						<preset value="0.22"/>
						<preset value="0.34"/>
						<preset value="0.26"/>
						<preset value="0.06"/>
					</CCUISlider>
					<CCUISlider label="max">
						<preset value="1.24"/>
						<preset value="1.24"/>
						<preset value="0.86"/>
						<preset value="1.24"/>
						<preset value="1.24"/>
						<preset value="0.96"/>
					</CCUISlider>
					<CCUISlider label="alpha">
						<preset value="1.0"/>
						<preset value="1.0"/>
						<preset value="1.0"/>
						<preset value="1.0"/>
						<preset value="1.0"/>
						<preset value="1.0"/>
					</CCUISlider>
				</uielements>
			</CCUIComponent>
		</uielements>
		<presetnames>
			<presetname name="Preset:0"/>
			<presetname name="Preset:1"/>
			<presetname name="Preset:2"/>
			<presetname name="Preset:3"/>
			<presetname name="Preset:4"/>
			<presetname name="Preset:5"/>
		</presetnames>
	</CCControlPresetTab>
</ui>
