<?xml version="1.0" encoding="ISO-8859-1"?>
<ui>
	<CCControlPresetTab label="app" selectedpreset="0" numberofpresets="1">
		<uielements>
			<CCUIPresetControl label="presets">
				<uielements/>
			</CCUIPresetControl>
			<CCUIComponent label="sines">
				<uielements>
					<CCUISlider label="speed">
						<preset value="7.2000003"/>
					</CCUISlider>
					<CCUISlider label="freq pow">
						<preset value="1.0666667"/>
					</CCUISlider>
					<CCUISlider label="dark time">
						<preset value="12.799999"/>
					</CCUISlider>
					<CCUISlider label="minBright">
						<preset value="0.0"/>
					</CCUISlider>
					<CCUISlider label="maxBright">
						<preset value="1.0"/>
					</CCUISlider>
					<CCUISlider label="bright pow">
						<preset value="1.3333334"/>
					</CCUISlider>
				</uielements>
			</CCUIComponent>
		</uielements>
		<presetnames>
			<presetname name="Preset:0"/>
		</presetnames>
	</CCControlPresetTab>
	<globalsettings selectedpreset="0" numberofpresets="0" label="global">
		<presetnames/>
	</globalsettings>
</ui>
