<?xml version="1.0" encoding="ISO-8859-1"?>
<Timeline lower_bound="0.0" upper_bound="183.62617041418875">
	<Transport speed="0.3333333432674408" loop_start="0.0" loop_end="180.0" loop_active="true">
		<TrackData/>
	</Transport>
	<Tracks>
		<GroupTrack name="/app/geometry" open="false" red="191" green="48" blue="48">
			<Track address="/app/geometry/random pos min back" mute="false" accumulate="false" type="DOUBLE" min="0.0" max="1.0" red="191" green="48" blue="48">
				<TrackData/>
			</Track>
			<Track address="/app/geometry/random pos max back" mute="false" accumulate="false" type="DOUBLE" min="0.0" max="1.0" red="191" green="48" blue="48">
				<TrackData/>
			</Track>
			<Track address="/app/geometry/random pow back" mute="false" accumulate="false" type="DOUBLE" min="0.0" max="10.0" red="191" green="48" blue="48">
				<TrackData/>
			</Track>
			<Track address="/app/geometry/random pos min fore" mute="false" accumulate="false" type="DOUBLE" min="0.0" max="1.0" red="191" green="48" blue="48">
				<TrackData/>
			</Track>
			<Track address="/app/geometry/random pos max fore" mute="false" accumulate="false" type="DOUBLE" min="0.0" max="1.0" red="191" green="48" blue="48">
				<TrackData/>
			</Track>
			<Track address="/app/geometry/random pow fore" mute="false" accumulate="false" type="DOUBLE" min="0.0" max="10.0" red="191" green="48" blue="48">
				<TrackData/>
			</Track>
		</GroupTrack>
		<GroupTrack name="/background/manager" open="false" red="191" green="134" blue="48">
			<Track address="/background/manager/blur radius" mute="false" accumulate="false" type="DOUBLE" min="1.0" max="50.0" red="191" green="134" blue="48">
				<TrackData/>
			</Track>
		</GroupTrack>
		<GroupTrack name="/background/randomSines" open="true" red="163" green="191" blue="48">
			<Track address="/background/randomSines/speed" mute="false" accumulate="false" type="DOUBLE" min="0.0" max="20.0" red="163" green="191" blue="48">
				<TrackData>
					<ControlPoint type="LINEAR" time="0.0" value="0.2090909090909091"/>
					<ControlPoint type="LINEAR" time="29.952030779760037" value="0.5181818181818182"/>
					<ControlPoint type="LINEAR" time="60.0" value="0.2090909090909091"/>
					<ControlPoint type="LINEAR" time="92.0" value="1.0"/>
					<ControlPoint type="LINEAR" time="120.0" value="0.2272727272727273"/>
					<ControlPoint type="LINEAR" time="149.95203077976004" value="0.5181818181818182"/>
					<ControlPoint type="LINEAR" time="180.0" value="0.2090909090909091"/>
				</TrackData>
			</Track>
			<Track address="/background/randomSines/freq pow" mute="false" accumulate="false" type="DOUBLE" min="0.0" max="20.0" red="163" green="191" blue="48">
				<TrackData>
					<ControlPoint type="LINEAR" time="0.0" value="0.018442622950819665"/>
				</TrackData>
			</Track>
			<Track address="/background/randomSines/dark time" mute="false" accumulate="false" type="DOUBLE" min="0.0" max="200.0" red="163" green="191" blue="48">
				<TrackData>
					<ControlPoint type="LINEAR" time="0.7371935885744687" value="0.11818181818181817"/>
				</TrackData>
			</Track>
			<Track address="/background/randomSines/minBright" mute="false" accumulate="false" type="DOUBLE" min="0.0" max="1.0" red="163" green="191" blue="48">
				<TrackData>
					<ControlPoint type="LINEAR" time="72.0" value="0.0"/>
					<ControlPoint type="LINEAR" time="80.0" value="0.0636363636363636"/>
					<ControlPoint type="LINEAR" time="88.0" value="0.0"/>
				</TrackData>
			</Track>
			<Track address="/background/randomSines/maxBright" mute="false" accumulate="false" type="DOUBLE" min="0.0" max="1.0" red="163" green="191" blue="48">
				<TrackData>
					<ControlPoint type="LINEAR" time="62.0" value="1.0"/>
				</TrackData>
			</Track>
			<Track address="/background/randomSines/bright pow" mute="false" accumulate="false" type="DOUBLE" min="0.0" max="10.0" red="163" green="191" blue="48">
				<TrackData>
					<ControlPoint type="LINEAR" time="56.0" value="0.09999999999999998"/>
					<ControlPoint type="LINEAR" time="90.0" value="0.08181818181818179"/>
					<ControlPoint type="LINEAR" time="176.0" value="0.09999999999999998"/>
				</TrackData>
			</Track>
		</GroupTrack>
		<GroupTrack name="/foreground/manager" open="false" red="76" green="191" blue="48">
			<Track address="/foreground/manager/blur radius" mute="false" accumulate="false" type="DOUBLE" min="1.0" max="50.0" red="76" green="191" blue="48">
				<TrackData/>
			</Track>
		</GroupTrack>
		<GroupTrack name="/foreground/noise wave 1" open="true" red="48" green="191" blue="105">
			<Track address="/foreground/noise wave 1/noiseScaleX" mute="false" accumulate="false" type="DOUBLE" min="0.0" max="10.0" red="48" green="191" blue="105">
				<TrackData>
					<ControlPoint type="LINEAR" time="4.0" value="0.5545454545454546"/>
					<ControlPoint type="LINEAR" time="20.0" value="0.045454545454545414"/>
					<ControlPoint type="LINEAR" time="60.0" value="0.045454545454545414"/>
					<ControlPoint type="LINEAR" time="80.0" value="0.5545454545454546"/>
					<ControlPoint type="LINEAR" time="124.0" value="0.5545454545454546"/>
					<ControlPoint type="LINEAR" time="140.0" value="0.027272727272727226"/>
				</TrackData>
			</Track>
			<Track address="/foreground/noise wave 1/noiseScaleY" mute="false" accumulate="false" type="DOUBLE" min="0.0" max="10.0" red="48" green="191" blue="105">
				<TrackData>
					<ControlPoint type="LINEAR" time="16.0" value="0.027272727272727226"/>
					<ControlPoint type="LINEAR" time="20.0" value="0.5727272727272728"/>
					<ControlPoint type="LINEAR" time="60.0" value="0.5727272727272728"/>
					<ControlPoint type="LINEAR" time="80.0" value="0.027272727272727226"/>
					<ControlPoint type="LINEAR" time="136.0" value="0.027272727272727226"/>
					<ControlPoint type="LINEAR" time="140.0" value="0.5727272727272728"/>
				</TrackData>
			</Track>
			<Track address="/foreground/noise wave 1/speed x" mute="false" accumulate="false" type="DOUBLE" min="0.0" max="1.0" red="48" green="191" blue="105">
				<TrackData>
					<ControlPoint type="LINEAR" time="8.0" value="0.045454545454545414"/>
					<ControlPoint type="LINEAR" time="60.0" value="0.0"/>
					<ControlPoint type="LINEAR" time="80.0" value="0.5363636363636364"/>
					<ControlPoint type="LINEAR" time="108.0" value="0.6272727272727272"/>
					<ControlPoint type="LINEAR" time="128.0" value="0.045454545454545414"/>
				</TrackData>
			</Track>
			<Track address="/foreground/noise wave 1/speed y" mute="false" accumulate="false" type="DOUBLE" min="0.0" max="1.0" red="48" green="191" blue="105">
				<TrackData>
					<ControlPoint type="LINEAR" time="8.0" value="0.11818181818181817"/>
					<ControlPoint type="LINEAR" time="80.0" value="0.11818181818181817"/>
					<ControlPoint type="LINEAR" time="128.0" value="0.11818181818181817"/>
				</TrackData>
			</Track>
			<Track address="/foreground/noise wave 1/speed z" mute="false" accumulate="false" type="DOUBLE" min="0.0" max="1.0" red="48" green="191" blue="105">
				<TrackData>
					<ControlPoint type="LINEAR" time="7.516105941302797" value="0.15454545454545454"/>
					<ControlPoint type="LINEAR" time="20.0" value="0.31818181818181823"/>
					<ControlPoint type="LINEAR" time="88.0" value="0.045454545454545414"/>
					<ControlPoint type="LINEAR" time="127.51610594130278" value="0.15454545454545454"/>
					<ControlPoint type="LINEAR" time="140.0" value="0.4636363636363636"/>
				</TrackData>
			</Track>
			<Track address="/foreground/noise wave 1/pow" mute="false" accumulate="false" type="DOUBLE" min="0.0" max="10.0" red="48" green="191" blue="105">
				<TrackData>
					<ControlPoint type="LINEAR" time="80.0" value="0.3909090909090909"/>
					<ControlPoint type="LINEAR" time="110.0" value="0.19090909090909092"/>
				</TrackData>
			</Track>
			<Track address="/foreground/noise wave 1/min" mute="false" accumulate="false" type="DOUBLE" min="0.0" max="3.0" red="48" green="191" blue="105">
				<TrackData>
					<ControlPoint type="LINEAR" time="80.0" value="0.0636363636363636"/>
				</TrackData>
			</Track>
			<Track address="/foreground/noise wave 1/max" mute="false" accumulate="false" type="DOUBLE" min="0.0" max="3.0" red="48" green="191" blue="105">
				<TrackData>
					<ControlPoint type="LINEAR" time="90.0" value="0.3545454545454545"/>
				</TrackData>
			</Track>
			<Track address="/foreground/noise wave 1/alpha" mute="false" accumulate="false" type="DOUBLE" min="0.0" max="1.0" red="48" green="191" blue="105">
				<TrackData>
					<ControlPoint type="LINEAR" time="20.0" value="0.0"/>
					<ControlPoint type="LINEAR" time="29.780234072530263" value="0.9727272727272728"/>
					<ControlPoint type="LINEAR" time="50.0" value="1.0"/>
					<ControlPoint type="LINEAR" time="60.0" value="0.0"/>
					<ControlPoint type="LINEAR" time="80.0" value="0.0"/>
					<ControlPoint type="LINEAR" time="90.0" value="1.0"/>
					<ControlPoint type="LINEAR" time="110.0" value="1.0"/>
					<ControlPoint type="LINEAR" time="120.0" value="0.0"/>
					<ControlPoint type="LINEAR" time="140.0" value="0.0"/>
					<ControlPoint type="LINEAR" time="149.78023407253028" value="0.9727272727272728"/>
					<ControlPoint type="LINEAR" time="170.0" value="1.0"/>
					<ControlPoint type="LINEAR" time="180.0" value="0.0"/>
				</TrackData>
			</Track>
		</GroupTrack>
		<GroupTrack name="/foreground/noise wave 2" open="false" red="48" green="191" blue="191">
			<Track address="/foreground/noise wave 2/noiseScaleX" mute="false" accumulate="false" type="DOUBLE" min="0.0" max="10.0" red="48" green="191" blue="191">
				<TrackData>
					<ControlPoint type="LINEAR" time="60.2" value="0.016233766233766267"/>
				</TrackData>
			</Track>
			<Track address="/foreground/noise wave 2/noiseScaleY" mute="false" accumulate="false" type="DOUBLE" min="0.0" max="10.0" red="48" green="191" blue="191">
				<TrackData>
					<ControlPoint type="LINEAR" time="60.2" value="0.08181818181818179"/>
				</TrackData>
			</Track>
			<Track address="/foreground/noise wave 2/speed x" mute="false" accumulate="false" type="DOUBLE" min="0.0" max="1.0" red="48" green="191" blue="191">
				<TrackData>
					<ControlPoint type="LINEAR" time="0.0" value="0.0636363636363636"/>
					<ControlPoint type="LINEAR" time="24.0" value="0.39814814814814814"/>
					<ControlPoint type="LINEAR" time="60.0" value="0.06481481481481477"/>
					<ControlPoint type="LINEAR" time="76.0" value="0.11818181818181817"/>
					<ControlPoint type="LINEAR" time="90.0" value="0.0636363636363636"/>
					<ControlPoint type="LINEAR" time="144.0" value="0.39814814814814814"/>
					<ControlPoint type="LINEAR" time="180.0" value="0.06481481481481477"/>
				</TrackData>
			</Track>
			<Track address="/foreground/noise wave 2/speed y" mute="false" accumulate="false" type="DOUBLE" min="0.0" max="1.0" red="48" green="191" blue="191">
				<TrackData/>
			</Track>
			<Track address="/foreground/noise wave 2/speed z" mute="false" accumulate="false" type="DOUBLE" min="0.0" max="1.0" red="48" green="191" blue="191">
				<TrackData>
					<ControlPoint type="LINEAR" time="24.0" value="0.3545454545454545"/>
					<ControlPoint type="LINEAR" time="60.0" value="0.0"/>
					<ControlPoint type="LINEAR" time="90.0" value="0.15454545454545454"/>
					<ControlPoint type="LINEAR" time="120.0" value="0.0"/>
					<ControlPoint type="LINEAR" time="144.0" value="0.3545454545454545"/>
					<ControlPoint type="LINEAR" time="180.0" value="0.0"/>
				</TrackData>
			</Track>
			<Track address="/foreground/noise wave 2/pow" mute="false" accumulate="false" type="DOUBLE" min="0.0" max="10.0" red="48" green="191" blue="191">
				<TrackData>
					<ControlPoint type="LINEAR" time="0.0" value="0.24545454545454548"/>
					<ControlPoint type="LINEAR" time="48.0" value="0.13636363636363635"/>
					<ControlPoint type="LINEAR" time="56.0" value="0.24545454545454548"/>
					<ControlPoint type="LINEAR" time="60.2" value="0.24545454545454548"/>
					<ControlPoint type="LINEAR" time="80.0" value="0.13636363636363635"/>
					<ControlPoint type="LINEAR" time="168.0" value="0.13636363636363635"/>
					<ControlPoint type="LINEAR" time="176.0" value="0.24545454545454548"/>
				</TrackData>
			</Track>
			<Track address="/foreground/noise wave 2/min" mute="false" accumulate="false" type="DOUBLE" min="0.0" max="3.0" red="48" green="191" blue="191">
				<TrackData>
					<ControlPoint type="LINEAR" time="0.0" value="0.0636363636363636"/>
					<ControlPoint type="LINEAR" time="12.0" value="0.11818181818181817"/>
					<ControlPoint type="LINEAR" time="60.0" value="0.041984732824427495"/>
					<ControlPoint type="LINEAR" time="72.0" value="0.0636363636363636"/>
					<ControlPoint type="LINEAR" time="76.0" value="0.13636363636363635"/>
					<ControlPoint type="LINEAR" time="80.01431639226914" value="0.0636363636363636"/>
					<ControlPoint type="LINEAR" time="108.0" value="0.0636363636363636"/>
					<ControlPoint type="LINEAR" time="132.0" value="0.11818181818181817"/>
					<ControlPoint type="LINEAR" time="180.0" value="0.0636363636363636"/>
				</TrackData>
			</Track>
			<Track address="/foreground/noise wave 2/max" mute="false" accumulate="false" type="DOUBLE" min="0.0" max="3.0" red="48" green="191" blue="191">
				<TrackData>
					<ControlPoint type="LINEAR" time="60.2" value="0.3363636363636363"/>
				</TrackData>
			</Track>
			<Track address="/foreground/noise wave 2/alpha" mute="false" accumulate="false" type="DOUBLE" min="0.0" max="1.0" red="48" green="191" blue="191">
				<TrackData>
					<ControlPoint type="LINEAR" time="20.0" value="1.0"/>
					<ControlPoint type="LINEAR" time="30.0" value="0.0"/>
					<ControlPoint type="LINEAR" time="52.0" value="0.0"/>
					<ControlPoint type="LINEAR" time="60.0" value="1.0"/>
					<ControlPoint type="LINEAR" time="80.0" value="1.0"/>
					<ControlPoint type="LINEAR" time="90.0" value="0.0"/>
					<ControlPoint type="LINEAR" time="110.0" value="0.0"/>
					<ControlPoint type="LINEAR" time="120.0" value="1.0"/>
					<ControlPoint type="LINEAR" time="140.0" value="1.0"/>
					<ControlPoint type="LINEAR" time="150.0" value="0.0"/>
					<ControlPoint type="LINEAR" time="172.0" value="0.0"/>
					<ControlPoint type="LINEAR" time="180.0" value="1.0"/>
				</TrackData>
			</Track>
		</GroupTrack>
	</Tracks>
</Timeline>
