<?xml version="1.0" encoding="ISO-8859-1"?>
<ui>
	<CCControlPresetTab label="app" selectedpreset="0" numberofpresets="1">
		<uielements>
			<CCUIPresetControl label="presets">
				<uielements/>
			</CCUIPresetControl>
			<CCUIComponent label="app">
				<uielements>
					<CCUISlider label="speed">
						<preset value="0.33333334"/>
					</CCUISlider>
					<CCUISlider label="pow">
						<preset value="2.1333334"/>
					</CCUISlider>
					<CCUISlider label="min">
						<preset value="0.026666667"/>
					</CCUISlider>
					<CCUISlider label="max">
						<preset value="0.64666665"/>
					</CCUISlider>
				</uielements>
			</CCUIComponent>
		</uielements>
		<presetnames>
			<presetname name="Preset:0"/>
		</presetnames>
	</CCControlPresetTab>
	<globalsettings selectedpreset="0" numberofpresets="0" label="global">
		<presetnames/>
	</globalsettings>
</ui>
